[{"model": "admin.logentry", "pk": 1, "fields": {"action_time": "2024-10-10T22:21:35.538Z", "user": 1, "content_type": 7, "object_id": "1", "object_repr": "jackets", "action_flag": 1, "change_message": "[{\"added\": {}}]"}}, {"model": "admin.logentry", "pk": 2, "fields": {"action_time": "2024-10-10T22:22:42.353Z", "user": 1, "content_type": 10, "object_id": "1", "object_repr": "new product", "action_flag": 1, "change_message": "[{\"added\": {}}, {\"added\": {\"name\": \"product image\", \"object\": \"ProductImage object (1)\"}}]"}}, {"model": "admin.logentry", "pk": 3, "fields": {"action_time": "2024-10-11T07:24:37.492Z", "user": 1, "content_type": 10, "object_id": "1", "object_repr": "new product", "action_flag": 3, "change_message": ""}}, {"model": "admin.logentry", "pk": 4, "fields": {"action_time": "2024-10-11T07:26:41.834Z", "user": 1, "content_type": 10, "object_id": "2", "object_repr": "jackets leather", "action_flag": 1, "change_message": "[{\"added\": {}}, {\"added\": {\"name\": \"product image\", \"object\": \"ProductImage object (2)\"}}, {\"added\": {\"name\": \"product image\", \"object\": \"ProductImage object (3)\"}}]"}}, {"model": "admin.logentry", "pk": 5, "fields": {"action_time": "2024-10-11T07:27:54.469Z", "user": 1, "content_type": 10, "object_id": "3", "object_repr": "product 2", "action_flag": 1, "change_message": "[{\"added\": {}}, {\"added\": {\"name\": \"product image\", \"object\": \"ProductImage object (4)\"}}, {\"added\": {\"name\": \"product image\", \"object\": \"ProductImage object (5)\"}}]"}}, {"model": "admin.logentry", "pk": 6, "fields": {"action_time": "2024-10-11T07:28:01.376Z", "user": 1, "content_type": 7, "object_id": "2", "object_repr": "dress", "action_flag": 1, "change_message": "[{\"added\": {}}]"}}, {"model": "admin.logentry", "pk": 7, "fields": {"action_time": "2024-10-11T07:29:17.315Z", "user": 1, "content_type": 10, "object_id": "4", "object_repr": "dress", "action_flag": 1, "change_message": "[{\"added\": {}}, {\"added\": {\"name\": \"product image\", \"object\": \"ProductImage object (6)\"}}, {\"added\": {\"name\": \"product image\", \"object\": \"ProductImage object (7)\"}}]"}}, {"model": "admin.logentry", "pk": 8, "fields": {"action_time": "2024-10-16T16:26:09.536Z", "user": 1, "content_type": 10, "object_id": "5", "object_repr": "new product", "action_flag": 1, "change_message": "[{\"added\": {}}, {\"added\": {\"name\": \"product image\", \"object\": \"ProductImage object (8)\"}}, {\"added\": {\"name\": \"product image\", \"object\": \"ProductImage object (9)\"}}]"}}, {"model": "admin.logentry", "pk": 9, "fields": {"action_time": "2025-06-27T14:33:30.847Z", "user": 2, "content_type": 10, "object_id": "5", "object_repr": "new product", "action_flag": 3, "change_message": ""}}, {"model": "admin.logentry", "pk": 10, "fields": {"action_time": "2025-06-27T14:33:30.847Z", "user": 2, "content_type": 10, "object_id": "4", "object_repr": "dress", "action_flag": 3, "change_message": ""}}, {"model": "admin.logentry", "pk": 11, "fields": {"action_time": "2025-06-27T14:33:30.847Z", "user": 2, "content_type": 10, "object_id": "3", "object_repr": "product 2", "action_flag": 3, "change_message": ""}}, {"model": "admin.logentry", "pk": 12, "fields": {"action_time": "2025-06-27T14:33:30.847Z", "user": 2, "content_type": 10, "object_id": "2", "object_repr": "jackets leather", "action_flag": 3, "change_message": ""}}, {"model": "admin.logentry", "pk": 13, "fields": {"action_time": "2025-06-27T14:33:41.973Z", "user": 2, "content_type": 7, "object_id": "2", "object_repr": "dress", "action_flag": 3, "change_message": ""}}, {"model": "admin.logentry", "pk": 14, "fields": {"action_time": "2025-06-27T14:33:41.973Z", "user": 2, "content_type": 7, "object_id": "1", "object_repr": "jackets", "action_flag": 3, "change_message": ""}}, {"model": "admin.logentry", "pk": 15, "fields": {"action_time": "2025-06-27T16:03:03.827Z", "user": 2, "content_type": 7, "object_id": "3", "object_repr": "Beanie", "action_flag": 1, "change_message": "[{\"added\": {}}]"}}, {"model": "admin.logentry", "pk": 16, "fields": {"action_time": "2025-06-27T16:03:15.993Z", "user": 2, "content_type": 7, "object_id": "4", "object_repr": "Bucket Hats", "action_flag": 1, "change_message": "[{\"added\": {}}]"}}, {"model": "admin.logentry", "pk": 17, "fields": {"action_time": "2025-06-27T16:03:22.096Z", "user": 2, "content_type": 7, "object_id": "5", "object_repr": "Cap", "action_flag": 1, "change_message": "[{\"added\": {}}]"}}, {"model": "admin.logentry", "pk": 18, "fields": {"action_time": "2025-06-27T16:03:33.331Z", "user": 2, "content_type": 7, "object_id": "6", "object_repr": "Sunglasses", "action_flag": 1, "change_message": "[{\"added\": {}}]"}}, {"model": "admin.logentry", "pk": 19, "fields": {"action_time": "2025-06-28T07:11:34.841Z", "user": 2, "content_type": 10, "object_id": "1", "object_repr": "MV Beanie Hat", "action_flag": 1, "change_message": "[{\"added\": {}}]"}}, {"model": "admin.logentry", "pk": 20, "fields": {"action_time": "2025-06-28T07:12:02.148Z", "user": 2, "content_type": 10, "object_id": "1", "object_repr": "MV Beanie Hat", "action_flag": 2, "change_message": "[]"}}, {"model": "admin.logentry", "pk": 21, "fields": {"action_time": "2025-06-28T07:12:49.169Z", "user": 2, "content_type": 10, "object_id": "2", "object_repr": "MV Beanie Hat", "action_flag": 1, "change_message": "[{\"added\": {}}, {\"added\": {\"name\": \"product image\", \"object\": \"ProductImage object (10)\"}}, {\"added\": {\"name\": \"product image\", \"object\": \"ProductImage object (11)\"}}]"}}, {"model": "admin.logentry", "pk": 22, "fields": {"action_time": "2025-06-28T07:15:57.659Z", "user": 2, "content_type": 10, "object_id": "3", "object_repr": "MV Beanie Hat", "action_flag": 1, "change_message": "[{\"added\": {}}, {\"added\": {\"name\": \"product image\", \"object\": \"ProductImage object (12)\"}}, {\"added\": {\"name\": \"product image\", \"object\": \"ProductImage object (13)\"}}]"}}, {"model": "admin.logentry", "pk": 23, "fields": {"action_time": "2025-06-28T07:17:00.329Z", "user": 2, "content_type": 10, "object_id": "4", "object_repr": "MV Beanie Hat", "action_flag": 1, "change_message": "[{\"added\": {}}]"}}, {"model": "admin.logentry", "pk": 24, "fields": {"action_time": "2025-06-28T07:17:27.579Z", "user": 2, "content_type": 10, "object_id": "1", "object_repr": "MV Beanie Hat", "action_flag": 2, "change_message": "[{\"added\": {\"name\": \"product image\", \"object\": \"ProductImage object (14)\"}}, {\"added\": {\"name\": \"product image\", \"object\": \"ProductImage object (15)\"}}]"}}, {"model": "admin.logentry", "pk": 25, "fields": {"action_time": "2025-06-28T07:30:54.678Z", "user": 2, "content_type": 10, "object_id": "5", "object_repr": "MV Fur Cap Black", "action_flag": 1, "change_message": "[{\"added\": {}}, {\"added\": {\"name\": \"product image\", \"object\": \"ProductImage object (16)\"}}, {\"added\": {\"name\": \"product image\", \"object\": \"ProductImage object (17)\"}}, {\"added\": {\"name\": \"product image\", \"object\": \"ProductImage object (18)\"}}, {\"added\": {\"name\": \"product image\", \"object\": \"ProductImage object (19)\"}}]"}}, {"model": "admin.logentry", "pk": 26, "fields": {"action_time": "2025-06-28T07:31:15.313Z", "user": 2, "content_type": 10, "object_id": "1", "object_repr": "MV Beanie Hat Grey", "action_flag": 2, "change_message": "[{\"changed\": {\"fields\": [\"Name\"]}}]"}}, {"model": "admin.logentry", "pk": 27, "fields": {"action_time": "2025-06-28T07:31:43.967Z", "user": 2, "content_type": 10, "object_id": "2", "object_repr": "MV Beanie Hat Black", "action_flag": 2, "change_message": "[{\"changed\": {\"fields\": [\"Name\"]}}]"}}, {"model": "admin.logentry", "pk": 28, "fields": {"action_time": "2025-06-28T07:32:12.706Z", "user": 2, "content_type": 10, "object_id": "3", "object_repr": "MV Beanie Hat Grey", "action_flag": 2, "change_message": "[{\"changed\": {\"fields\": [\"Name\"]}}]"}}, {"model": "admin.logentry", "pk": 29, "fields": {"action_time": "2025-06-28T07:32:21.382Z", "user": 2, "content_type": 10, "object_id": "4", "object_repr": "MV Beanie Hat Black", "action_flag": 2, "change_message": "[{\"changed\": {\"fields\": [\"Name\"]}}]"}}, {"model": "admin.logentry", "pk": 30, "fields": {"action_time": "2025-06-28T07:36:16.899Z", "user": 2, "content_type": 10, "object_id": "6", "object_repr": "MV Fur Cap Blue", "action_flag": 1, "change_message": "[{\"added\": {}}, {\"added\": {\"name\": \"product image\", \"object\": \"ProductImage object (20)\"}}, {\"added\": {\"name\": \"product image\", \"object\": \"ProductImage object (21)\"}}, {\"added\": {\"name\": \"product image\", \"object\": \"ProductImage object (22)\"}}, {\"added\": {\"name\": \"product image\", \"object\": \"ProductImage object (23)\"}}]"}}, {"model": "admin.logentry", "pk": 31, "fields": {"action_time": "2025-06-28T07:38:12.927Z", "user": 2, "content_type": 10, "object_id": "7", "object_repr": "MV Fur Cap Grey", "action_flag": 1, "change_message": "[{\"added\": {}}, {\"added\": {\"name\": \"product image\", \"object\": \"ProductImage object (24)\"}}, {\"added\": {\"name\": \"product image\", \"object\": \"ProductImage object (25)\"}}, {\"added\": {\"name\": \"product image\", \"object\": \"ProductImage object (26)\"}}, {\"added\": {\"name\": \"product image\", \"object\": \"ProductImage object (27)\"}}]"}}, {"model": "admin.logentry", "pk": 32, "fields": {"action_time": "2025-06-28T07:39:38.520Z", "user": 2, "content_type": 10, "object_id": "8", "object_repr": "MV Fur Cap Red", "action_flag": 1, "change_message": "[{\"added\": {}}, {\"added\": {\"name\": \"product image\", \"object\": \"ProductImage object (28)\"}}, {\"added\": {\"name\": \"product image\", \"object\": \"ProductImage object (29)\"}}, {\"added\": {\"name\": \"product image\", \"object\": \"ProductImage object (30)\"}}, {\"added\": {\"name\": \"product image\", \"object\": \"ProductImage object (31)\"}}]"}}, {"model": "admin.logentry", "pk": 33, "fields": {"action_time": "2025-06-28T07:43:03.096Z", "user": 2, "content_type": 10, "object_id": "9", "object_repr": "MV Block Sunglasses Black", "action_flag": 1, "change_message": "[{\"added\": {}}, {\"added\": {\"name\": \"product image\", \"object\": \"ProductImage object (32)\"}}, {\"added\": {\"name\": \"product image\", \"object\": \"ProductImage object (33)\"}}, {\"added\": {\"name\": \"product image\", \"object\": \"ProductImage object (34)\"}}, {\"added\": {\"name\": \"product image\", \"object\": \"ProductImage object (35)\"}}]"}}, {"model": "admin.logentry", "pk": 34, "fields": {"action_time": "2025-06-28T07:44:43.491Z", "user": 2, "content_type": 10, "object_id": "10", "object_repr": "MV Block Sunglasses White", "action_flag": 1, "change_message": "[{\"added\": {}}, {\"added\": {\"name\": \"product image\", \"object\": \"ProductImage object (36)\"}}, {\"added\": {\"name\": \"product image\", \"object\": \"ProductImage object (37)\"}}, {\"added\": {\"name\": \"product image\", \"object\": \"ProductImage object (38)\"}}, {\"added\": {\"name\": \"product image\", \"object\": \"ProductImage object (39)\"}}]"}}, {"model": "admin.logentry", "pk": 35, "fields": {"action_time": "2025-06-28T07:47:00.665Z", "user": 2, "content_type": 10, "object_id": "11", "object_repr": "MV Slice Sunglasses Black", "action_flag": 1, "change_message": "[{\"added\": {}}, {\"added\": {\"name\": \"product image\", \"object\": \"ProductImage object (40)\"}}, {\"added\": {\"name\": \"product image\", \"object\": \"ProductImage object (41)\"}}, {\"added\": {\"name\": \"product image\", \"object\": \"ProductImage object (42)\"}}, {\"added\": {\"name\": \"product image\", \"object\": \"ProductImage object (43)\"}}]"}}, {"model": "admin.logentry", "pk": 36, "fields": {"action_time": "2025-06-28T07:49:03.372Z", "user": 2, "content_type": 10, "object_id": "12", "object_repr": "MV Slice Sunglasses Metalic", "action_flag": 1, "change_message": "[{\"added\": {}}, {\"added\": {\"name\": \"product image\", \"object\": \"ProductImage object (44)\"}}, {\"added\": {\"name\": \"product image\", \"object\": \"ProductImage object (45)\"}}, {\"added\": {\"name\": \"product image\", \"object\": \"ProductImage object (46)\"}}, {\"added\": {\"name\": \"product image\", \"object\": \"ProductImage object (47)\"}}]"}}, {"model": "admin.logentry", "pk": 37, "fields": {"action_time": "2025-06-28T07:57:12.013Z", "user": 2, "content_type": 10, "object_id": "13", "object_repr": "MV Bucket Hat Blue", "action_flag": 1, "change_message": "[{\"added\": {}}, {\"added\": {\"name\": \"product image\", \"object\": \"ProductImage object (48)\"}}, {\"added\": {\"name\": \"product image\", \"object\": \"ProductImage object (49)\"}}, {\"added\": {\"name\": \"product image\", \"object\": \"ProductImage object (50)\"}}, {\"added\": {\"name\": \"product image\", \"object\": \"ProductImage object (51)\"}}]"}}, {"model": "admin.logentry", "pk": 38, "fields": {"action_time": "2025-06-28T08:00:28.807Z", "user": 2, "content_type": 10, "object_id": "14", "object_repr": "MV Bucket Hat Red", "action_flag": 1, "change_message": "[{\"added\": {}}, {\"added\": {\"name\": \"product image\", \"object\": \"ProductImage object (52)\"}}, {\"added\": {\"name\": \"product image\", \"object\": \"ProductImage object (53)\"}}, {\"added\": {\"name\": \"product image\", \"object\": \"ProductImage object (54)\"}}, {\"added\": {\"name\": \"product image\", \"object\": \"ProductImage object (55)\"}}]"}}, {"model": "admin.logentry", "pk": 39, "fields": {"action_time": "2025-06-28T08:03:33.151Z", "user": 2, "content_type": 10, "object_id": "15", "object_repr": "MV Bucket Hat Denim", "action_flag": 1, "change_message": "[{\"added\": {}}, {\"added\": {\"name\": \"product image\", \"object\": \"ProductImage object (56)\"}}, {\"added\": {\"name\": \"product image\", \"object\": \"ProductImage object (57)\"}}, {\"added\": {\"name\": \"product image\", \"object\": \"ProductImage object (58)\"}}, {\"added\": {\"name\": \"product image\", \"object\": \"ProductImage object (59)\"}}]"}}, {"model": "admin.logentry", "pk": 40, "fields": {"action_time": "2025-06-28T11:36:58.524Z", "user": 2, "content_type": 10, "object_id": "4", "object_repr": "MV Beanie Hat Black", "action_flag": 2, "change_message": "[{\"changed\": {\"fields\": [\"Price\"]}}, {\"added\": {\"name\": \"product image\", \"object\": \"ProductImage object (60)\"}}, {\"added\": {\"name\": \"product image\", \"object\": \"ProductImage object (61)\"}}]"}}, {"model": "admin.logentry", "pk": 41, "fields": {"action_time": "2025-06-29T14:24:53.373Z", "user": 2, "content_type": 10, "object_id": "8", "object_repr": "MV Fur Cap Red", "action_flag": 2, "change_message": "[{\"changed\": {\"fields\": [\"Description\"]}}]"}}, {"model": "admin.logentry", "pk": 42, "fields": {"action_time": "2025-06-29T15:45:36.978Z", "user": 2, "content_type": 10, "object_id": "8", "object_repr": "MV Fur Cap Red", "action_flag": 2, "change_message": "[{\"changed\": {\"fields\": [\"Description\", \"Details\"]}}]"}}, {"model": "admin.logentry", "pk": 43, "fields": {"action_time": "2025-06-29T16:08:33.864Z", "user": 2, "content_type": 20, "object_id": "1", "object_repr": "17 10", "action_flag": 1, "change_message": "[{\"added\": {}}]"}}, {"model": "admin.logentry", "pk": 44, "fields": {"action_time": "2025-06-29T16:10:43.664Z", "user": 2, "content_type": 10, "object_id": "7", "object_repr": "MV Fur Cap Grey", "action_flag": 2, "change_message": "[{\"changed\": {\"fields\": [\"Description\", \"Details\"]}}]"}}, {"model": "admin.logentry", "pk": 45, "fields": {"action_time": "2025-06-29T16:11:01.709Z", "user": 2, "content_type": 10, "object_id": "6", "object_repr": "MV Fur Cap Blue", "action_flag": 2, "change_message": "[{\"changed\": {\"fields\": [\"Description\", \"Details\"]}}]"}}, {"model": "admin.logentry", "pk": 46, "fields": {"action_time": "2025-06-29T16:11:24.232Z", "user": 2, "content_type": 10, "object_id": "5", "object_repr": "MV Fur Cap Black", "action_flag": 2, "change_message": "[{\"changed\": {\"fields\": [\"Description\", \"Details\"]}}]"}}, {"model": "admin.logentry", "pk": 47, "fields": {"action_time": "2025-06-29T16:15:49.651Z", "user": 2, "content_type": 10, "object_id": "14", "object_repr": "MV Bucket Hat Red", "action_flag": 2, "change_message": "[{\"changed\": {\"fields\": [\"Description\", \"Details\"]}}]"}}, {"model": "admin.logentry", "pk": 48, "fields": {"action_time": "2025-06-29T16:16:04.148Z", "user": 2, "content_type": 10, "object_id": "13", "object_repr": "MV Bucket Hat Blue", "action_flag": 2, "change_message": "[{\"changed\": {\"fields\": [\"Description\", \"Details\"]}}]"}}, {"model": "admin.logentry", "pk": 49, "fields": {"action_time": "2025-06-29T16:17:52.293Z", "user": 2, "content_type": 10, "object_id": "15", "object_repr": "MV Bucket Hat Denim", "action_flag": 2, "change_message": "[{\"changed\": {\"fields\": [\"Description\", \"Details\"]}}]"}}, {"model": "admin.logentry", "pk": 50, "fields": {"action_time": "2025-06-29T16:18:23.843Z", "user": 2, "content_type": 10, "object_id": "14", "object_repr": "MV Bucket Hat Red", "action_flag": 2, "change_message": "[{\"changed\": {\"fields\": [\"Description\"]}}]"}}, {"model": "admin.logentry", "pk": 51, "fields": {"action_time": "2025-06-29T16:18:35.067Z", "user": 2, "content_type": 10, "object_id": "13", "object_repr": "MV Bucket Hat Blue", "action_flag": 2, "change_message": "[{\"changed\": {\"fields\": [\"Description\"]}}]"}}, {"model": "admin.logentry", "pk": 52, "fields": {"action_time": "2025-06-29T16:20:28.223Z", "user": 2, "content_type": 10, "object_id": "4", "object_repr": "MV Beanie Hat Black", "action_flag": 2, "change_message": "[{\"changed\": {\"fields\": [\"Description\", \"Details\"]}}]"}}, {"model": "admin.logentry", "pk": 53, "fields": {"action_time": "2025-06-29T16:20:59.045Z", "user": 2, "content_type": 10, "object_id": "3", "object_repr": "MV Beanie Hat Grey", "action_flag": 2, "change_message": "[{\"changed\": {\"fields\": [\"Description\", \"Details\"]}}]"}}, {"model": "admin.logentry", "pk": 54, "fields": {"action_time": "2025-06-29T16:21:16.351Z", "user": 2, "content_type": 10, "object_id": "2", "object_repr": "MV Beanie Hat Black", "action_flag": 2, "change_message": "[{\"changed\": {\"fields\": [\"Description\", \"Details\"]}}]"}}, {"model": "admin.logentry", "pk": 55, "fields": {"action_time": "2025-06-29T16:21:33.519Z", "user": 2, "content_type": 10, "object_id": "1", "object_repr": "MV Beanie Hat Grey", "action_flag": 2, "change_message": "[{\"changed\": {\"fields\": [\"Description\", \"Details\"]}}]"}}, {"model": "admin.logentry", "pk": 56, "fields": {"action_time": "2025-06-29T16:23:13.605Z", "user": 2, "content_type": 10, "object_id": "10", "object_repr": "MV Block Sunglasses White", "action_flag": 2, "change_message": "[{\"changed\": {\"fields\": [\"Description\", \"Details\"]}}]"}}, {"model": "admin.logentry", "pk": 57, "fields": {"action_time": "2025-06-29T16:23:31.068Z", "user": 2, "content_type": 10, "object_id": "9", "object_repr": "MV Block Sunglasses Black", "action_flag": 2, "change_message": "[{\"changed\": {\"fields\": [\"Description\", \"Details\"]}}]"}}, {"model": "admin.logentry", "pk": 58, "fields": {"action_time": "2025-06-29T16:24:36.203Z", "user": 2, "content_type": 10, "object_id": "12", "object_repr": "MV Slice Sunglasses Metalic", "action_flag": 2, "change_message": "[{\"changed\": {\"fields\": [\"Description\", \"Details\"]}}]"}}, {"model": "admin.logentry", "pk": 59, "fields": {"action_time": "2025-06-29T16:24:51.756Z", "user": 2, "content_type": 10, "object_id": "11", "object_repr": "MV Slice Sunglasses Black", "action_flag": 2, "change_message": "[{\"changed\": {\"fields\": [\"Description\", \"Details\"]}}]"}}, {"model": "admin.logentry", "pk": 60, "fields": {"action_time": "2025-06-30T16:34:29.472Z", "user": 2, "content_type": 20, "object_id": "1", "object_repr": "19.00 10.00", "action_flag": 2, "change_message": "[{\"changed\": {\"fields\": [\"Tax\"]}}]"}}, {"model": "admin.logentry", "pk": 61, "fields": {"action_time": "2025-06-30T16:35:02.055Z", "user": 2, "content_type": 20, "object_id": "1", "object_repr": "19.00 20.00", "action_flag": 2, "change_message": "[{\"changed\": {\"fields\": [\"Shipping\"]}}]"}}, {"model": "admin.logentry", "pk": 62, "fields": {"action_time": "2025-07-03T18:41:37.980Z", "user": 2, "content_type": 10, "object_id": "16", "object_repr": "test", "action_flag": 1, "change_message": "[{\"added\": {}}, {\"added\": {\"name\": \"color variant\", \"object\": \"test - Red\"}}, {\"added\": {\"name\": \"color variant\", \"object\": \"test - Blue\"}}, {\"added\": {\"name\": \"color image\", \"object\": \"Red - Image\"}}]"}}, {"model": "admin.logentry", "pk": 63, "fields": {"action_time": "2025-07-03T18:44:56.408Z", "user": 2, "content_type": 10, "object_id": "16", "object_repr": "test", "action_flag": 2, "change_message": "[{\"added\": {\"name\": \"color image\", \"object\": \"Blue - Image\"}}]"}}, {"model": "admin.logentry", "pk": 64, "fields": {"action_time": "2025-07-03T18:46:20.689Z", "user": 2, "content_type": 10, "object_id": "15", "object_repr": "MV Bucket Hat Denim", "action_flag": 3, "change_message": ""}}, {"model": "admin.logentry", "pk": 65, "fields": {"action_time": "2025-07-03T18:46:20.689Z", "user": 2, "content_type": 10, "object_id": "14", "object_repr": "MV Bucket Hat Red", "action_flag": 3, "change_message": ""}}, {"model": "admin.logentry", "pk": 66, "fields": {"action_time": "2025-07-03T18:46:20.689Z", "user": 2, "content_type": 10, "object_id": "13", "object_repr": "MV Bucket Hat Blue", "action_flag": 3, "change_message": ""}}, {"model": "admin.logentry", "pk": 67, "fields": {"action_time": "2025-07-03T18:46:20.689Z", "user": 2, "content_type": 10, "object_id": "12", "object_repr": "MV Slice Sunglasses Metalic", "action_flag": 3, "change_message": ""}}, {"model": "admin.logentry", "pk": 68, "fields": {"action_time": "2025-07-03T18:46:20.689Z", "user": 2, "content_type": 10, "object_id": "11", "object_repr": "MV Slice Sunglasses Black", "action_flag": 3, "change_message": ""}}, {"model": "admin.logentry", "pk": 69, "fields": {"action_time": "2025-07-03T18:46:20.689Z", "user": 2, "content_type": 10, "object_id": "10", "object_repr": "MV Block Sunglasses White", "action_flag": 3, "change_message": ""}}, {"model": "admin.logentry", "pk": 70, "fields": {"action_time": "2025-07-03T18:46:20.689Z", "user": 2, "content_type": 10, "object_id": "9", "object_repr": "MV Block Sunglasses Black", "action_flag": 3, "change_message": ""}}, {"model": "admin.logentry", "pk": 71, "fields": {"action_time": "2025-07-03T18:46:43.050Z", "user": 2, "content_type": 10, "object_id": "8", "object_repr": "MV Fur Cap Red", "action_flag": 3, "change_message": ""}}, {"model": "admin.logentry", "pk": 72, "fields": {"action_time": "2025-07-03T18:46:43.050Z", "user": 2, "content_type": 10, "object_id": "7", "object_repr": "MV Fur Cap Grey", "action_flag": 3, "change_message": ""}}, {"model": "admin.logentry", "pk": 73, "fields": {"action_time": "2025-07-03T18:46:43.050Z", "user": 2, "content_type": 10, "object_id": "6", "object_repr": "MV Fur Cap Blue", "action_flag": 3, "change_message": ""}}, {"model": "admin.logentry", "pk": 74, "fields": {"action_time": "2025-07-03T18:46:43.050Z", "user": 2, "content_type": 10, "object_id": "5", "object_repr": "MV Fur Cap Black", "action_flag": 3, "change_message": ""}}, {"model": "admin.logentry", "pk": 75, "fields": {"action_time": "2025-07-03T18:46:43.050Z", "user": 2, "content_type": 10, "object_id": "4", "object_repr": "MV Beanie Hat Black", "action_flag": 3, "change_message": ""}}, {"model": "admin.logentry", "pk": 76, "fields": {"action_time": "2025-07-03T18:46:43.050Z", "user": 2, "content_type": 10, "object_id": "3", "object_repr": "MV Beanie Hat Grey", "action_flag": 3, "change_message": ""}}, {"model": "admin.logentry", "pk": 77, "fields": {"action_time": "2025-07-03T18:46:43.051Z", "user": 2, "content_type": 10, "object_id": "2", "object_repr": "MV Beanie Hat Black", "action_flag": 3, "change_message": ""}}, {"model": "admin.logentry", "pk": 78, "fields": {"action_time": "2025-07-03T18:46:43.051Z", "user": 2, "content_type": 10, "object_id": "1", "object_repr": "MV Beanie Hat Grey", "action_flag": 3, "change_message": ""}}, {"model": "admin.logentry", "pk": 79, "fields": {"action_time": "2025-07-03T19:18:14.020Z", "user": 2, "content_type": 10, "object_id": "16", "object_repr": "test", "action_flag": 2, "change_message": "[{\"added\": {\"name\": \"color image\", \"object\": \"Red - Image\"}}]"}}, {"model": "admin.logentry", "pk": 80, "fields": {"action_time": "2025-07-03T19:39:19.496Z", "user": 2, "content_type": 10, "object_id": "16", "object_repr": "test", "action_flag": 2, "change_message": "[{\"added\": {\"name\": \"color image\", \"object\": \"Red - Image\"}}]"}}, {"model": "admin.logentry", "pk": 81, "fields": {"action_time": "2025-07-03T19:40:27.855Z", "user": 2, "content_type": 10, "object_id": "16", "object_repr": "test", "action_flag": 2, "change_message": "[{\"added\": {\"name\": \"color image\", \"object\": \"Blue - Image\"}}]"}}, {"model": "admin.logentry", "pk": 82, "fields": {"action_time": "2025-07-03T19:41:43.330Z", "user": 2, "content_type": 10, "object_id": "16", "object_repr": "test", "action_flag": 2, "change_message": "[{\"deleted\": {\"name\": \"color image\", \"object\": \"Blue - Image\"}}]"}}, {"model": "admin.logentry", "pk": 83, "fields": {"action_time": "2025-07-03T19:50:34.008Z", "user": 2, "content_type": 10, "object_id": "16", "object_repr": "test", "action_flag": 2, "change_message": "[{\"changed\": {\"fields\": [\"Details\"]}}]"}}, {"model": "admin.logentry", "pk": 84, "fields": {"action_time": "2025-07-03T22:07:40.286Z", "user": 2, "content_type": 10, "object_id": "16", "object_repr": "test", "action_flag": 3, "change_message": ""}}, {"model": "admin.logentry", "pk": 85, "fields": {"action_time": "2025-07-03T22:11:34.106Z", "user": 2, "content_type": 10, "object_id": "17", "object_repr": "test", "action_flag": 1, "change_message": "[{\"added\": {}}, {\"added\": {\"name\": \"color variant\", \"object\": \"test - Red\"}}, {\"added\": {\"name\": \"color variant\", \"object\": \"test - blue\"}}, {\"added\": {\"name\": \"color image\", \"object\": \"Red - Image\"}}, {\"added\": {\"name\": \"color image\", \"object\": \"blue - Image\"}}]"}}, {"model": "admin.logentry", "pk": 86, "fields": {"action_time": "2025-07-03T23:01:28.039Z", "user": 2, "content_type": 10, "object_id": "18", "object_repr": "MV Beanie Hat", "action_flag": 1, "change_message": "[{\"added\": {}}, {\"added\": {\"name\": \"color variant\", \"object\": \"MV Beanie Hat - Black\"}}, {\"added\": {\"name\": \"color variant\", \"object\": \"MV Beanie Hat - Grey\"}}, {\"added\": {\"name\": \"color image\", \"object\": \"Black - Image\"}}, {\"added\": {\"name\": \"color image\", \"object\": \"Black - Image\"}}, {\"added\": {\"name\": \"color image\", \"object\": \"Grey - Image\"}}, {\"added\": {\"name\": \"color image\", \"object\": \"Grey - Image\"}}]"}}, {"model": "admin.logentry", "pk": 87, "fields": {"action_time": "2025-07-03T23:03:38.000Z", "user": 2, "content_type": 10, "object_id": "19", "object_repr": "MV Beanie Hat", "action_flag": 1, "change_message": "[{\"added\": {}}, {\"added\": {\"name\": \"color variant\", \"object\": \"MV Beanie Hat - Black\"}}, {\"added\": {\"name\": \"color variant\", \"object\": \"MV Beanie Hat - Grey\"}}, {\"added\": {\"name\": \"color image\", \"object\": \"Black - Image\"}}, {\"added\": {\"name\": \"color image\", \"object\": \"Black - Image\"}}, {\"added\": {\"name\": \"color image\", \"object\": \"Grey - Image\"}}, {\"added\": {\"name\": \"color image\", \"object\": \"Grey - Image\"}}]"}}, {"model": "admin.logentry", "pk": 88, "fields": {"action_time": "2025-07-03T23:15:06.015Z", "user": 2, "content_type": 10, "object_id": "20", "object_repr": "MV Fur Bucket Hat", "action_flag": 1, "change_message": "[{\"added\": {}}, {\"added\": {\"name\": \"color variant\", \"object\": \"MV Fur Bucket Hat - Red\"}}, {\"added\": {\"name\": \"color variant\", \"object\": \"MV Fur Bucket Hat - Blue\"}}, {\"added\": {\"name\": \"color image\", \"object\": \"Red - Image\"}}, {\"added\": {\"name\": \"color image\", \"object\": \"Red - Image\"}}, {\"added\": {\"name\": \"color image\", \"object\": \"Red - Image\"}}, {\"added\": {\"name\": \"color image\", \"object\": \"Red - Image\"}}, {\"added\": {\"name\": \"color image\", \"object\": \"Blue - Image\"}}, {\"added\": {\"name\": \"color image\", \"object\": \"Blue - Image\"}}, {\"added\": {\"name\": \"color image\", \"object\": \"Blue - Image\"}}, {\"added\": {\"name\": \"color image\", \"object\": \"Blue - Image\"}}]"}}, {"model": "admin.logentry", "pk": 89, "fields": {"action_time": "2025-07-03T23:20:00.430Z", "user": 2, "content_type": 10, "object_id": "21", "object_repr": "MV Denim Bucket Hat", "action_flag": 1, "change_message": "[{\"added\": {}}, {\"added\": {\"name\": \"color variant\", \"object\": \"MV Denim Bucket Hat - Denim\"}}, {\"added\": {\"name\": \"color image\", \"object\": \"Denim - Image\"}}, {\"added\": {\"name\": \"color image\", \"object\": \"Denim - Image\"}}, {\"added\": {\"name\": \"color image\", \"object\": \"Denim - Image\"}}, {\"added\": {\"name\": \"color image\", \"object\": \"Denim - Image\"}}]"}}, {"model": "admin.logentry", "pk": 90, "fields": {"action_time": "2025-07-03T23:28:10.027Z", "user": 2, "content_type": 10, "object_id": "22", "object_repr": "MV Fur Cap", "action_flag": 1, "change_message": "[{\"added\": {}}, {\"added\": {\"name\": \"color variant\", \"object\": \"MV Fur Cap - Black\"}}, {\"added\": {\"name\": \"color variant\", \"object\": \"MV Fur Cap - Blue\"}}, {\"added\": {\"name\": \"color variant\", \"object\": \"MV Fur Cap - Grey\"}}, {\"added\": {\"name\": \"color variant\", \"object\": \"MV Fur Cap - Red\"}}, {\"added\": {\"name\": \"color image\", \"object\": \"Black - Image\"}}, {\"added\": {\"name\": \"color image\", \"object\": \"Black - Image\"}}, {\"added\": {\"name\": \"color image\", \"object\": \"Black - Image\"}}, {\"added\": {\"name\": \"color image\", \"object\": \"Black - Image\"}}, {\"added\": {\"name\": \"color image\", \"object\": \"Blue - Image\"}}, {\"added\": {\"name\": \"color image\", \"object\": \"Blue - Image\"}}, {\"added\": {\"name\": \"color image\", \"object\": \"Blue - Image\"}}, {\"added\": {\"name\": \"color image\", \"object\": \"Blue - Image\"}}, {\"added\": {\"name\": \"color image\", \"object\": \"Grey - Image\"}}, {\"added\": {\"name\": \"color image\", \"object\": \"Grey - Image\"}}, {\"added\": {\"name\": \"color image\", \"object\": \"Grey - Image\"}}, {\"added\": {\"name\": \"color image\", \"object\": \"Grey - Image\"}}, {\"added\": {\"name\": \"color image\", \"object\": \"Red - Image\"}}, {\"added\": {\"name\": \"color image\", \"object\": \"Red - Image\"}}, {\"added\": {\"name\": \"color image\", \"object\": \"Red - Image\"}}, {\"added\": {\"name\": \"color image\", \"object\": \"Red - Image\"}}]"}}, {"model": "admin.logentry", "pk": 91, "fields": {"action_time": "2025-07-03T23:34:25.792Z", "user": 2, "content_type": 10, "object_id": "23", "object_repr": "MV Block Frame Sunglasses", "action_flag": 1, "change_message": "[{\"added\": {}}, {\"added\": {\"name\": \"color variant\", \"object\": \"MV Block Frame Sunglasses - Black\"}}, {\"added\": {\"name\": \"color variant\", \"object\": \"MV Block Frame Sunglasses - White\"}}, {\"added\": {\"name\": \"color image\", \"object\": \"Black - Image\"}}, {\"added\": {\"name\": \"color image\", \"object\": \"Black - Image\"}}, {\"added\": {\"name\": \"color image\", \"object\": \"Black - Image\"}}, {\"added\": {\"name\": \"color image\", \"object\": \"Black - Image\"}}, {\"added\": {\"name\": \"color image\", \"object\": \"White - Image\"}}, {\"added\": {\"name\": \"color image\", \"object\": \"White - Image\"}}, {\"added\": {\"name\": \"color image\", \"object\": \"White - Image\"}}, {\"added\": {\"name\": \"color image\", \"object\": \"White - Image\"}}]"}}, {"model": "admin.logentry", "pk": 92, "fields": {"action_time": "2025-07-03T23:38:11.589Z", "user": 2, "content_type": 10, "object_id": "24", "object_repr": "MV Slice Frame Sunglasses", "action_flag": 1, "change_message": "[{\"added\": {}}, {\"added\": {\"name\": \"color variant\", \"object\": \"MV Slice Frame Sunglasses - Black\"}}, {\"added\": {\"name\": \"color variant\", \"object\": \"MV Slice Frame Sunglasses - Metallic\"}}, {\"added\": {\"name\": \"color image\", \"object\": \"Black - Image\"}}, {\"added\": {\"name\": \"color image\", \"object\": \"Black - Image\"}}, {\"added\": {\"name\": \"color image\", \"object\": \"Black - Image\"}}, {\"added\": {\"name\": \"color image\", \"object\": \"Black - Image\"}}, {\"added\": {\"name\": \"color image\", \"object\": \"Metallic - Image\"}}, {\"added\": {\"name\": \"color image\", \"object\": \"Metallic - Image\"}}, {\"added\": {\"name\": \"color image\", \"object\": \"Metallic - Image\"}}, {\"added\": {\"name\": \"color image\", \"object\": \"Metallic - Image\"}}]"}}, {"model": "admin.logentry", "pk": 93, "fields": {"action_time": "2025-07-03T23:38:53.310Z", "user": 2, "content_type": 10, "object_id": "17", "object_repr": "test", "action_flag": 3, "change_message": ""}}, {"model": "admin.logentry", "pk": 94, "fields": {"action_time": "2025-07-03T23:40:15.516Z", "user": 2, "content_type": 10, "object_id": "22", "object_repr": "MV Fur Cap", "action_flag": 2, "change_message": "[{\"changed\": {\"name\": \"color variant\", \"object\": \"MV Fur Cap - Blue\", \"fields\": [\"Quantity\"]}}, {\"changed\": {\"name\": \"color variant\", \"object\": \"MV Fur Cap - Grey\", \"fields\": [\"Quantity\"]}}, {\"changed\": {\"name\": \"color variant\", \"object\": \"MV Fur Cap - Red\", \"fields\": [\"Quantity\"]}}]"}}, {"model": "admin.logentry", "pk": 95, "fields": {"action_time": "2025-07-03T23:40:50.229Z", "user": 2, "content_type": 10, "object_id": "22", "object_repr": "MV Fur Cap", "action_flag": 2, "change_message": "[{\"changed\": {\"name\": \"color variant\", \"object\": \"MV Fur Cap - Black\", \"fields\": [\"Quantity\"]}}]"}}, {"model": "admin.logentry", "pk": 96, "fields": {"action_time": "2025-07-03T23:41:00.732Z", "user": 2, "content_type": 10, "object_id": "22", "object_repr": "MV Fur Cap", "action_flag": 2, "change_message": "[{\"changed\": {\"name\": \"color variant\", \"object\": \"MV Fur Cap - Black\", \"fields\": [\"Quantity\"]}}]"}}, {"model": "admin.logentry", "pk": 97, "fields": {"action_time": "2025-07-03T23:42:16.580Z", "user": 2, "content_type": 10, "object_id": "24", "object_repr": "MV Slice Frame Sunglasses", "action_flag": 2, "change_message": "[{\"changed\": {\"name\": \"color variant\", \"object\": \"MV Slice Frame Sunglasses - Black\", \"fields\": [\"Quantity\"]}}, {\"changed\": {\"name\": \"color variant\", \"object\": \"MV Slice Frame Sunglasses - Metallic\", \"fields\": [\"Quantity\"]}}]"}}, {"model": "admin.logentry", "pk": 98, "fields": {"action_time": "2025-07-04T00:56:11.875Z", "user": 2, "content_type": 4, "object_id": "2", "object_repr": "test", "action_flag": 2, "change_message": "[{\"changed\": {\"fields\": [\"password\"]}}]"}}, {"model": "admin.logentry", "pk": 99, "fields": {"action_time": "2025-07-04T01:15:08.142Z", "user": 2, "content_type": 17, "object_id": "1", "object_repr": "Minal Anwar", "action_flag": 3, "change_message": ""}}, {"model": "admin.logentry", "pk": 100, "fields": {"action_time": "2025-07-04T01:19:47.478Z", "user": 2, "content_type": 17, "object_id": "4", "object_repr": "Minal Anwar", "action_flag": 3, "change_message": ""}}, {"model": "admin.logentry", "pk": 101, "fields": {"action_time": "2025-07-04T01:19:47.479Z", "user": 2, "content_type": 17, "object_id": "3", "object_repr": "Minal Anwar", "action_flag": 3, "change_message": ""}}, {"model": "admin.logentry", "pk": 102, "fields": {"action_time": "2025-07-04T01:19:47.479Z", "user": 2, "content_type": 17, "object_id": "2", "object_repr": "Minal Anwar", "action_flag": 3, "change_message": ""}}, {"model": "admin.logentry", "pk": 103, "fields": {"action_time": "2025-07-04T01:38:12.397Z", "user": 2, "content_type": 17, "object_id": "5", "object_repr": "Minal Anwar", "action_flag": 3, "change_message": ""}}, {"model": "admin.logentry", "pk": 104, "fields": {"action_time": "2025-07-04T01:58:56.863Z", "user": 2, "content_type": 17, "object_id": "6", "object_repr": "Minal Anwar", "action_flag": 3, "change_message": ""}}, {"model": "admin.logentry", "pk": 105, "fields": {"action_time": "2025-07-06T22:48:39.797Z", "user": 2, "content_type": 10, "object_id": "18", "object_repr": "MV Beanie Hat", "action_flag": 2, "change_message": "[{\"changed\": {\"name\": \"color variant\", \"object\": \"MV Beanie Hat - Grey\", \"fields\": [\"Quantity\"]}}]"}}, {"model": "admin.logentry", "pk": 106, "fields": {"action_time": "2025-07-06T23:39:00.308Z", "user": 2, "content_type": 10, "object_id": "18", "object_repr": "MV Beanie Hat", "action_flag": 2, "change_message": "[{\"changed\": {\"name\": \"color variant\", \"object\": \"MV Beanie Hat - Black\", \"fields\": [\"Quantity\"]}}]"}}, {"model": "admin.logentry", "pk": 107, "fields": {"action_time": "2025-07-07T00:52:31.937Z", "user": 2, "content_type": 10, "object_id": "18", "object_repr": "MV Beanie Hat", "action_flag": 2, "change_message": "[{\"changed\": {\"name\": \"color variant\", \"object\": \"MV Beanie Hat - Black\", \"fields\": [\"Quantity\"]}}, {\"changed\": {\"name\": \"color variant\", \"object\": \"MV Beanie Hat - Grey\", \"fields\": [\"Quantity\"]}}]"}}, {"model": "auth.permission", "pk": 1, "fields": {"name": "Can add log entry", "content_type": 1, "codename": "add_logentry"}}, {"model": "auth.permission", "pk": 2, "fields": {"name": "Can change log entry", "content_type": 1, "codename": "change_logentry"}}, {"model": "auth.permission", "pk": 3, "fields": {"name": "Can delete log entry", "content_type": 1, "codename": "delete_logentry"}}, {"model": "auth.permission", "pk": 4, "fields": {"name": "Can view log entry", "content_type": 1, "codename": "view_logentry"}}, {"model": "auth.permission", "pk": 5, "fields": {"name": "Can add permission", "content_type": 2, "codename": "add_permission"}}, {"model": "auth.permission", "pk": 6, "fields": {"name": "Can change permission", "content_type": 2, "codename": "change_permission"}}, {"model": "auth.permission", "pk": 7, "fields": {"name": "Can delete permission", "content_type": 2, "codename": "delete_permission"}}, {"model": "auth.permission", "pk": 8, "fields": {"name": "Can view permission", "content_type": 2, "codename": "view_permission"}}, {"model": "auth.permission", "pk": 9, "fields": {"name": "Can add group", "content_type": 3, "codename": "add_group"}}, {"model": "auth.permission", "pk": 10, "fields": {"name": "Can change group", "content_type": 3, "codename": "change_group"}}, {"model": "auth.permission", "pk": 11, "fields": {"name": "Can delete group", "content_type": 3, "codename": "delete_group"}}, {"model": "auth.permission", "pk": 12, "fields": {"name": "Can view group", "content_type": 3, "codename": "view_group"}}, {"model": "auth.permission", "pk": 13, "fields": {"name": "Can add user", "content_type": 4, "codename": "add_user"}}, {"model": "auth.permission", "pk": 14, "fields": {"name": "Can change user", "content_type": 4, "codename": "change_user"}}, {"model": "auth.permission", "pk": 15, "fields": {"name": "Can delete user", "content_type": 4, "codename": "delete_user"}}, {"model": "auth.permission", "pk": 16, "fields": {"name": "Can view user", "content_type": 4, "codename": "view_user"}}, {"model": "auth.permission", "pk": 17, "fields": {"name": "Can add content type", "content_type": 5, "codename": "add_contenttype"}}, {"model": "auth.permission", "pk": 18, "fields": {"name": "Can change content type", "content_type": 5, "codename": "change_contenttype"}}, {"model": "auth.permission", "pk": 19, "fields": {"name": "Can delete content type", "content_type": 5, "codename": "delete_contenttype"}}, {"model": "auth.permission", "pk": 20, "fields": {"name": "Can view content type", "content_type": 5, "codename": "view_contenttype"}}, {"model": "auth.permission", "pk": 21, "fields": {"name": "Can add session", "content_type": 6, "codename": "add_session"}}, {"model": "auth.permission", "pk": 22, "fields": {"name": "Can change session", "content_type": 6, "codename": "change_session"}}, {"model": "auth.permission", "pk": 23, "fields": {"name": "Can delete session", "content_type": 6, "codename": "delete_session"}}, {"model": "auth.permission", "pk": 24, "fields": {"name": "Can view session", "content_type": 6, "codename": "view_session"}}, {"model": "auth.permission", "pk": 25, "fields": {"name": "Can add product category", "content_type": 7, "codename": "add_productcategory"}}, {"model": "auth.permission", "pk": 26, "fields": {"name": "Can change product category", "content_type": 7, "codename": "change_productcategory"}}, {"model": "auth.permission", "pk": 27, "fields": {"name": "Can delete product category", "content_type": 7, "codename": "delete_productcategory"}}, {"model": "auth.permission", "pk": 28, "fields": {"name": "Can view product category", "content_type": 7, "codename": "view_productcategory"}}, {"model": "auth.permission", "pk": 29, "fields": {"name": "Can add cart", "content_type": 8, "codename": "add_cart"}}, {"model": "auth.permission", "pk": 30, "fields": {"name": "Can change cart", "content_type": 8, "codename": "change_cart"}}, {"model": "auth.permission", "pk": 31, "fields": {"name": "Can delete cart", "content_type": 8, "codename": "delete_cart"}}, {"model": "auth.permission", "pk": 32, "fields": {"name": "Can view cart", "content_type": 8, "codename": "view_cart"}}, {"model": "auth.permission", "pk": 33, "fields": {"name": "Can add order", "content_type": 9, "codename": "add_order"}}, {"model": "auth.permission", "pk": 34, "fields": {"name": "Can change order", "content_type": 9, "codename": "change_order"}}, {"model": "auth.permission", "pk": 35, "fields": {"name": "Can delete order", "content_type": 9, "codename": "delete_order"}}, {"model": "auth.permission", "pk": 36, "fields": {"name": "Can view order", "content_type": 9, "codename": "view_order"}}, {"model": "auth.permission", "pk": 37, "fields": {"name": "Can add product", "content_type": 10, "codename": "add_product"}}, {"model": "auth.permission", "pk": 38, "fields": {"name": "Can change product", "content_type": 10, "codename": "change_product"}}, {"model": "auth.permission", "pk": 39, "fields": {"name": "Can delete product", "content_type": 10, "codename": "delete_product"}}, {"model": "auth.permission", "pk": 40, "fields": {"name": "Can view product", "content_type": 10, "codename": "view_product"}}, {"model": "auth.permission", "pk": 41, "fields": {"name": "Can add product image", "content_type": 11, "codename": "add_productimage"}}, {"model": "auth.permission", "pk": 42, "fields": {"name": "Can change product image", "content_type": 11, "codename": "change_productimage"}}, {"model": "auth.permission", "pk": 43, "fields": {"name": "Can delete product image", "content_type": 11, "codename": "delete_productimage"}}, {"model": "auth.permission", "pk": 44, "fields": {"name": "Can view product image", "content_type": 11, "codename": "view_productimage"}}, {"model": "auth.permission", "pk": 45, "fields": {"name": "Can add order product", "content_type": 12, "codename": "add_orderproduct"}}, {"model": "auth.permission", "pk": 46, "fields": {"name": "Can change order product", "content_type": 12, "codename": "change_orderproduct"}}, {"model": "auth.permission", "pk": 47, "fields": {"name": "Can delete order product", "content_type": 12, "codename": "delete_orderproduct"}}, {"model": "auth.permission", "pk": 48, "fields": {"name": "Can view order product", "content_type": 12, "codename": "view_orderproduct"}}, {"model": "auth.permission", "pk": 49, "fields": {"name": "Can add cart product", "content_type": 13, "codename": "add_cartproduct"}}, {"model": "auth.permission", "pk": 50, "fields": {"name": "Can change cart product", "content_type": 13, "codename": "change_cartproduct"}}, {"model": "auth.permission", "pk": 51, "fields": {"name": "Can delete cart product", "content_type": 13, "codename": "delete_cartproduct"}}, {"model": "auth.permission", "pk": 52, "fields": {"name": "Can view cart product", "content_type": 13, "codename": "view_cartproduct"}}, {"model": "auth.permission", "pk": 53, "fields": {"name": "Can add billing info", "content_type": 14, "codename": "add_billinginfo"}}, {"model": "auth.permission", "pk": 54, "fields": {"name": "Can change billing info", "content_type": 14, "codename": "change_billinginfo"}}, {"model": "auth.permission", "pk": 55, "fields": {"name": "Can delete billing info", "content_type": 14, "codename": "delete_billinginfo"}}, {"model": "auth.permission", "pk": 56, "fields": {"name": "Can view billing info", "content_type": 14, "codename": "view_billinginfo"}}, {"model": "auth.permission", "pk": 57, "fields": {"name": "Can add payment", "content_type": 15, "codename": "add_payment"}}, {"model": "auth.permission", "pk": 58, "fields": {"name": "Can change payment", "content_type": 15, "codename": "change_payment"}}, {"model": "auth.permission", "pk": 59, "fields": {"name": "Can delete payment", "content_type": 15, "codename": "delete_payment"}}, {"model": "auth.permission", "pk": 60, "fields": {"name": "Can view payment", "content_type": 15, "codename": "view_payment"}}, {"model": "auth.permission", "pk": 61, "fields": {"name": "Can add subscriber", "content_type": 16, "codename": "add_subscriber"}}, {"model": "auth.permission", "pk": 62, "fields": {"name": "Can change subscriber", "content_type": 16, "codename": "change_subscriber"}}, {"model": "auth.permission", "pk": 63, "fields": {"name": "Can delete subscriber", "content_type": 16, "codename": "delete_subscriber"}}, {"model": "auth.permission", "pk": 64, "fields": {"name": "Can view subscriber", "content_type": 16, "codename": "view_subscriber"}}, {"model": "auth.permission", "pk": 65, "fields": {"name": "Can add billing info", "content_type": 17, "codename": "add_billinginfo"}}, {"model": "auth.permission", "pk": 66, "fields": {"name": "Can change billing info", "content_type": 17, "codename": "change_billinginfo"}}, {"model": "auth.permission", "pk": 67, "fields": {"name": "Can delete billing info", "content_type": 17, "codename": "delete_billinginfo"}}, {"model": "auth.permission", "pk": 68, "fields": {"name": "Can view billing info", "content_type": 17, "codename": "view_billinginfo"}}, {"model": "auth.permission", "pk": 69, "fields": {"name": "Can add payment", "content_type": 18, "codename": "add_payment"}}, {"model": "auth.permission", "pk": 70, "fields": {"name": "Can change payment", "content_type": 18, "codename": "change_payment"}}, {"model": "auth.permission", "pk": 71, "fields": {"name": "Can delete payment", "content_type": 18, "codename": "delete_payment"}}, {"model": "auth.permission", "pk": 72, "fields": {"name": "Can view payment", "content_type": 18, "codename": "view_payment"}}, {"model": "auth.permission", "pk": 73, "fields": {"name": "Can add taxation", "content_type": 19, "codename": "add_taxation"}}, {"model": "auth.permission", "pk": 74, "fields": {"name": "Can change taxation", "content_type": 19, "codename": "change_taxation"}}, {"model": "auth.permission", "pk": 75, "fields": {"name": "Can delete taxation", "content_type": 19, "codename": "delete_taxation"}}, {"model": "auth.permission", "pk": 76, "fields": {"name": "Can view taxation", "content_type": 19, "codename": "view_taxation"}}, {"model": "auth.permission", "pk": 77, "fields": {"name": "Can add additional pays", "content_type": 20, "codename": "add_additionalpays"}}, {"model": "auth.permission", "pk": 78, "fields": {"name": "Can change additional pays", "content_type": 20, "codename": "change_additionalpays"}}, {"model": "auth.permission", "pk": 79, "fields": {"name": "Can delete additional pays", "content_type": 20, "codename": "delete_additionalpays"}}, {"model": "auth.permission", "pk": 80, "fields": {"name": "Can view additional pays", "content_type": 20, "codename": "view_additionalpays"}}, {"model": "auth.permission", "pk": 81, "fields": {"name": "Can add color variant", "content_type": 21, "codename": "add_colorvariant"}}, {"model": "auth.permission", "pk": 82, "fields": {"name": "Can change color variant", "content_type": 21, "codename": "change_colorvariant"}}, {"model": "auth.permission", "pk": 83, "fields": {"name": "Can delete color variant", "content_type": 21, "codename": "delete_colorvariant"}}, {"model": "auth.permission", "pk": 84, "fields": {"name": "Can view color variant", "content_type": 21, "codename": "view_colorvariant"}}, {"model": "auth.permission", "pk": 85, "fields": {"name": "Can add color image", "content_type": 22, "codename": "add_colorimage"}}, {"model": "auth.permission", "pk": 86, "fields": {"name": "Can change color image", "content_type": 22, "codename": "change_colorimage"}}, {"model": "auth.permission", "pk": 87, "fields": {"name": "Can delete color image", "content_type": 22, "codename": "delete_colorimage"}}, {"model": "auth.permission", "pk": 88, "fields": {"name": "Can view color image", "content_type": 22, "codename": "view_colorimage"}}, {"model": "auth.user", "pk": 1, "fields": {"password": "pbkdf2_sha256$870000$GrzRyXPltlhR7a20EKLBn0$vBmiOAX+sPPVaapkMAHI3DCfdQeDixPFIEDiYs6UZX4=", "last_login": "2024-10-18T06:06:49.804Z", "is_superuser": true, "username": "minal", "first_name": "", "last_name": "", "email": "reachoutminalanwar@gmail.com", "is_staff": true, "is_active": true, "date_joined": "2024-10-10T22:07:55.852Z", "groups": [], "user_permissions": []}}, {"model": "auth.user", "pk": 2, "fields": {"password": "pbkdf2_sha256$870000$hYA32NozWofuae4CKg1r4R$2tDqTgaz83ATYuFeEPUynFAlw7BGdnfDy5aHGXbEY8g=", "last_login": "2025-06-29T14:24:36.895Z", "is_superuser": true, "username": "test", "first_name": "", "last_name": "", "email": "", "is_staff": true, "is_active": true, "date_joined": "2025-06-14T12:25:49.749Z", "groups": [], "user_permissions": []}}, {"model": "auth.user", "pk": 3, "fields": {"password": "pbkdf2_sha256$870000$oztaKCEvMhbTLajku6sGs1$v+OHg6jiH6deMfGyYH6IXRYknCb5f80ud5ZJfEktSSI=", "last_login": null, "is_superuser": false, "username": "ali", "first_name": "", "last_name": "", "email": "ali@gmail.com", "is_staff": false, "is_active": true, "date_joined": "2025-06-15T13:07:05.692Z", "groups": [], "user_permissions": []}}, {"model": "auth.user", "pk": 4, "fields": {"password": "pbkdf2_sha256$870000$E5Dqp1zpCdiCuQrWht0IW7$UinS3QTssBJ44OanYWHmb7C/l/ppLngkcHiJQijWzng=", "last_login": null, "is_superuser": false, "username": "zain", "first_name": "", "last_name": "", "email": "zain@gmail.com", "is_staff": false, "is_active": true, "date_joined": "2025-06-24T21:50:34.142Z", "groups": [], "user_permissions": []}}, {"model": "contenttypes.contenttype", "pk": 1, "fields": {"app_label": "admin", "model": "logentry"}}, {"model": "contenttypes.contenttype", "pk": 2, "fields": {"app_label": "auth", "model": "permission"}}, {"model": "contenttypes.contenttype", "pk": 3, "fields": {"app_label": "auth", "model": "group"}}, {"model": "contenttypes.contenttype", "pk": 4, "fields": {"app_label": "auth", "model": "user"}}, {"model": "contenttypes.contenttype", "pk": 5, "fields": {"app_label": "contenttypes", "model": "contenttype"}}, {"model": "contenttypes.contenttype", "pk": 6, "fields": {"app_label": "sessions", "model": "session"}}, {"model": "contenttypes.contenttype", "pk": 7, "fields": {"app_label": "ecommerce_app", "model": "productcategory"}}, {"model": "contenttypes.contenttype", "pk": 8, "fields": {"app_label": "ecommerce_app", "model": "cart"}}, {"model": "contenttypes.contenttype", "pk": 9, "fields": {"app_label": "ecommerce_app", "model": "order"}}, {"model": "contenttypes.contenttype", "pk": 10, "fields": {"app_label": "ecommerce_app", "model": "product"}}, {"model": "contenttypes.contenttype", "pk": 11, "fields": {"app_label": "ecommerce_app", "model": "productimage"}}, {"model": "contenttypes.contenttype", "pk": 12, "fields": {"app_label": "ecommerce_app", "model": "orderproduct"}}, {"model": "contenttypes.contenttype", "pk": 13, "fields": {"app_label": "ecommerce_app", "model": "cartproduct"}}, {"model": "contenttypes.contenttype", "pk": 14, "fields": {"app_label": "paypal_payment_app", "model": "billinginfo"}}, {"model": "contenttypes.contenttype", "pk": 15, "fields": {"app_label": "paypal_payment_app", "model": "payment"}}, {"model": "contenttypes.contenttype", "pk": 16, "fields": {"app_label": "ecommerce_app", "model": "subscriber"}}, {"model": "contenttypes.contenttype", "pk": 17, "fields": {"app_label": "stripe_payment_app", "model": "billinginfo"}}, {"model": "contenttypes.contenttype", "pk": 18, "fields": {"app_label": "stripe_payment_app", "model": "payment"}}, {"model": "contenttypes.contenttype", "pk": 19, "fields": {"app_label": "ecommerce_app", "model": "taxation"}}, {"model": "contenttypes.contenttype", "pk": 20, "fields": {"app_label": "ecommerce_app", "model": "additionalpays"}}, {"model": "contenttypes.contenttype", "pk": 21, "fields": {"app_label": "ecommerce_app", "model": "colorvariant"}}, {"model": "contenttypes.contenttype", "pk": 22, "fields": {"app_label": "ecommerce_app", "model": "colorimage"}}, {"model": "sessions.session", "pk": "53ahx8zfxe963rb4bcjdfq50gi92tfzv", "fields": {"session_data": ".eJxVjEEOwiAQRe_C2hDKCC0u3fcMzQwzSNXQpLQr492VpAvd_vfef6kJ9y1Pe5V1mlldlFWn340wPqQ0wHcst0XHpWzrTLop-qBVjwvL83q4fwcZa2516lMyghCCsJMIyfuzpw4Tg4sgtuehc2iADBrjEIBsHJgcyTcLnXp_ABJGOOA:1uV9ub:IADf-UlgNCZ1UxN6LVmGG0h9gPn3SmJ8k2i5XHlRNCU", "expire_date": "2025-07-11T14:18:41.953Z"}}, {"model": "sessions.session", "pk": "9afw0qaod1j7etsxbtkgevq990cv4yhu", "fields": {"session_data": ".eJxVjEEOwiAUBe_C2hCghYJL9z0Dgc9DqoYmpV0Z726bdKHbNzPvzXzY1uK3hsVPiV2ZZJffLQZ6oh4gPUK9z5zmui5T5IfCT9r4OCe8bqf7d1BCK3tN2USKTigSIbuMXpBNIGkApXrKUWlYBUGdw7ATDBIZyWgZjdWiY58vI0g5Jw:1t1g8P:1amaGKydSVw9oyu_THRy2JqY46Ofbyx0fc5VBWrApoI", "expire_date": "2024-11-01T06:06:49.818Z"}}, {"model": "sessions.session", "pk": "ckwwkb3a9is0r23stwbdtksav3ncvy3j", "fields": {"session_data": ".eJxVjEEOwiAQRe_C2hDKCC0u3fcMzQwzSNXQpLQr492VpAvd_vfef6kJ9y1Pe5V1mlldlFWn340wPqQ0wHcst0XHpWzrTLop-qBVjwvL83q4fwcZa2516lMyghCCsJMIyfuzpw4Tg4sgtuehc2iADBrjEIBsHJgcyTcLnXp_ABJGOOA:1uQPxk:vVyvxptp3WpZ6hRnfBAOhCSuLoX8_TsLAzByPyafN6M", "expire_date": "2025-06-28T12:26:20.459Z"}}, {"model": "sessions.session", "pk": "qo4cedpbz8y5d0qab2d37fy5u3z7zapy", "fields": {"session_data": ".eJxVjEEOwiAUBe_C2hCghYJL9z0Dgc9DqoYmpV0Z726bdKHbNzPvzXzY1uK3hsVPiV2ZZJffLQZ6oh4gPUK9z5zmui5T5IfCT9r4OCe8bqf7d1BCK3tN2USKTigSIbuMXpBNIGkApXrKUWlYBUGdw7ATDBIZyWgZjdWiY58vI0g5Jw:1sz1Ke:sTpTnK6Mq3KFPNprvt6iayqjI0wHZpROse1a2sSrkko", "expire_date": "2024-10-24T22:08:28.428Z"}}, {"model": "sessions.session", "pk": "yvi9k7298gdxyxymvl9pu0rw7sgarp1z", "fields": {"session_data": ".eJxVjEEOwiAQRe_C2hAKFBiX7j0DGYZBqoYmpV0Z765NutDtf-_9l4i4rTVunZc4ZXEWWpx-t4T04LaDfMd2myXNbV2mJHdFHrTL65z5eTncv4OKvX7rpKyzIQeFgwJjMPBobDFMZCElcKEAFq09ePSDAwIqxflMo02elS3i_QHWUjfy:1uXUip:cBhIxVryyacX8i5Dd_qjKnkshABY0rpfWRYxn6Ancog", "expire_date": "2025-07-18T00:56:11.896Z"}}, {"model": "ecommerce_app.additionalpays", "pk": 1, "fields": {"Tax": "19.00"}}, {"model": "ecommerce_app.productcategory", "pk": 3, "fields": {"name": "Beanie"}}, {"model": "ecommerce_app.productcategory", "pk": 4, "fields": {"name": "Bucket Hats"}}, {"model": "ecommerce_app.productcategory", "pk": 5, "fields": {"name": "Cap"}}, {"model": "ecommerce_app.productcategory", "pk": 6, "fields": {"name": "Sunglasses"}}, {"model": "ecommerce_app.product", "pk": 18, "fields": {"name": "MV Beanie Hat", "price": "25.00", "description": "Minimal form, maximum presence. The MV Beanie strips it back to the essentialsclean lines, rich texture, and a flawless fitletting quality and attitude do the talking. Crafted from soft-touch knit fabric and finished with our signature MV embroidery, its a cold-weather staple with year-round energy.\r\n\r\nWhether pulled low for anonymity or pushed back for effortless cool, this beanie is made for those who carry confidence in silence.\r\nMade for movers, makers, and modern-day menaces. No frills. Just presence.", "details": ["Soft-touch knit for warmth and comfort", "Classic cuffed design", "Embroidered MV logo detailing", "Stretch fit for all-day wear", "Designed in the United Kingdom"], "originalPrice": null, "category": 3}}, {"model": "ecommerce_app.product", "pk": 19, "fields": {"name": "MV Beanie Hat", "price": "25.00", "description": "Minimal form, maximum presence. The MV Beanie strips it back to the essentialsclean lines, rich texture, and a flawless fitletting quality and attitude do the talking. Crafted from soft-touch knit fabric and finished with our signature MV embroidery, its a cold-weather staple with year-round energy.\r\n\r\nWhether pulled low for anonymity or pushed back for effortless cool, this beanie is made for those who carry confidence in silence.\r\nMade for movers, makers, and modern-day menaces. No frills. Just presence.", "details": ["Soft-touch knit for warmth and comfort", "Classic cuffed design", "Embroidered MV logo detailing", "Stretch fit for all-day wear", "Designed in the United Kingdom"], "originalPrice": null, "category": 3}}, {"model": "ecommerce_app.product", "pk": 20, "fields": {"name": "MV Fur Bucket Hat", "price": "40.00", "description": "A bold reinterpretation of retro cool, the MV Furry Bucket Hat fuses vintage edge with modern extravagance. Cloaked in ultra-soft plush fur, this piece transforms a nostalgic silhouette into a statement of luxury. With every glance, texture, and detail, it speaks volumesof confidence, of rebellion, of refined streetwear made for those who lead, not follow.\r\n\r\nThe MV insignia is subtly embroidered into the fabrican understated salute to heritage, a powerful symbol of the Menace ethos. Whether you're layering for winter city strolls or pushing boundaries at late-night gatherings, this bucket hat demands attention without saying a word.More than a hatit's a mindset. For those who dont just wear fashion, but own it.", "details": ["Luxe faux fur exterior for maximum tactile appeal", "Classic bucket hat silhouette reimagined for a modern fit", "Tonal embroidered MV logo", "Comfortable inner lining for all-day wear", "Designed in the United Kingdom"], "originalPrice": null, "category": 4}}, {"model": "ecommerce_app.product", "pk": 21, "fields": {"name": "MV Denim Bucket Hat", "price": "45.00", "description": "Timeless denim, unapologetically redefined. The MV Denim Bucket Hat is where classic streetwear meets elevated rebellion. Crafted from premium-washed denim, this piece merges grit with polishan effortless staple that nods to 90s attitude while carving out space in todays fashion-forward rotation.\r\n\r\nFinished with subtle MV embroidery and a structured brim, its built for those who move between worldscity grit, studio sessions, front-row energy. This isnt just denim; its denim with purpose.\r\nA piece for the fearless. For those who turn basics into statements, and moments into movements.", "details": ["Premium washed denim construction", "Classic bucket hat shape with modern proportions", "Embroidered MV logo detailing", "Soft inner lining for elevated comfort", "Designed in the United Kingdom"], "originalPrice": null, "category": 4}}, {"model": "ecommerce_app.product", "pk": 22, "fields": {"name": "MV Fur Cap", "price": "30.00", "description": "A statement of modern opulence, the MV Fur Cap redefines streetwear through the lens of luxury. Crafted with an ultra-soft fur texture that invites touch and turns heads, this cap elevates the everyday into the extraordinary. The MV signature branding is seamlessly integrated into the design a subtle nod to heritage, a bold declaration of being a Menace.\r\n\r\nWhether paired with oversized outerwear or sleek tailoring, the MV Fur Cap blurs the line between cozy and couture. Designed not just to be worn, but to be seen.An essential for those who move with confidence, dress with intent and never settle for the ordinary.", "details": ["Plush fur exterior", "Structured yet flexible fit", "Embroidered MV logo detailing", "Adjustable back strap for a custom feel", "Designed in the United Kingdom"], "originalPrice": null, "category": 5}}, {"model": "ecommerce_app.product", "pk": 23, "fields": {"name": "MV Block Frame Sunglasses", "price": "30.00", "description": "Sharp angles. Sharper intent. The MV Block Sunglasses are a study in controlled boldnesswhere brutalist design meets modern-day defiance. With a chunky rectangular silhouette and precision-cut edges, Block doesnt just frame the faceit defines the look.\r\n\r\nBuilt to disrupt, not disappear, these sunglasses are a visual shield for the unapologetic. The MV logo is laser-etched with subtle precision, marking each pair with quiet authority.For those who dont just walk the linethey draw their own.", "details": ["Bold, blocky rectangular frame design", "Durable acetate construction with a premium hand-feel", "UV-protective lenses with subtle tint options", "Laser-etched MV logo on the arm", "Comes with a branded protective case", "Designed in the United Kingdom"], "originalPrice": null, "category": 6}}, {"model": "ecommerce_app.product", "pk": 24, "fields": {"name": "MV Slice Frame Sunglasses", "price": "30.00", "description": "Cut sharp. Worn smooth. The MV Slice Sunglasses bring sleek precision to the everyday, with a streamlined oval frame that glides between retro influence and modern edge. Lightweight yet assertive, Slice is built for those who move clean, think fast, and dress with intent.\r\n\r\nEvery curve is considered. Every detail refined. The MV logo is etched with subtle forcea quiet flex for those who know. Slice is not just eyewearits a signal. For visionaries only.", "details": ["Slim oval frame design with a futuristic-meets-vintage feel", "Lightweight acetate for effortless all-day wear", "UV-protective lenses with a clean, tonal finish", "Laser-etched MV branding on the temple", "Comes with a branded protective case", "Designed in the United Kingdom"], "originalPrice": null, "category": 6}}, {"model": "ecommerce_app.colorvariant", "pk": 5, "fields": {"product": 18, "color_name": "Black", "quantity": 1}}, {"model": "ecommerce_app.colorvariant", "pk": 6, "fields": {"product": 18, "color_name": "Grey", "quantity": 2}}, {"model": "ecommerce_app.colorvariant", "pk": 7, "fields": {"product": 19, "color_name": "Black", "quantity": 1}}, {"model": "ecommerce_app.colorvariant", "pk": 8, "fields": {"product": 19, "color_name": "Grey", "quantity": 1}}, {"model": "ecommerce_app.colorvariant", "pk": 9, "fields": {"product": 20, "color_name": "Red", "quantity": 1}}, {"model": "ecommerce_app.colorvariant", "pk": 10, "fields": {"product": 20, "color_name": "Blue", "quantity": 1}}, {"model": "ecommerce_app.colorvariant", "pk": 11, "fields": {"product": 21, "color_name": "Denim", "quantity": 3}}, {"model": "ecommerce_app.colorvariant", "pk": 12, "fields": {"product": 22, "color_name": "Black", "quantity": 0}}, {"model": "ecommerce_app.colorvariant", "pk": 13, "fields": {"product": 22, "color_name": "Blue", "quantity": 1}}, {"model": "ecommerce_app.colorvariant", "pk": 14, "fields": {"product": 22, "color_name": "Grey", "quantity": 1}}, {"model": "ecommerce_app.colorvariant", "pk": 15, "fields": {"product": 22, "color_name": "Red", "quantity": 1}}, {"model": "ecommerce_app.colorvariant", "pk": 16, "fields": {"product": 23, "color_name": "Black", "quantity": 1}}, {"model": "ecommerce_app.colorvariant", "pk": 17, "fields": {"product": 23, "color_name": "White", "quantity": 1}}, {"model": "ecommerce_app.colorvariant", "pk": 18, "fields": {"product": 24, "color_name": "Black", "quantity": 1}}, {"model": "ecommerce_app.colorvariant", "pk": 19, "fields": {"product": 24, "color_name": "Metallic", "quantity": 1}}, {"model": "ecommerce_app.colorimage", "pk": 8, "fields": {"color_variant": 5, "image": "product_color_images/one.png"}}, {"model": "ecommerce_app.colorimage", "pk": 9, "fields": {"color_variant": 5, "image": "product_color_images/two.jpg"}}, {"model": "ecommerce_app.colorimage", "pk": 10, "fields": {"color_variant": 6, "image": "product_color_images/one_v0Ahe6W.png"}}, {"model": "ecommerce_app.colorimage", "pk": 11, "fields": {"color_variant": 6, "image": "product_color_images/two_biDIhP0.jpg"}}, {"model": "ecommerce_app.colorimage", "pk": 12, "fields": {"color_variant": 7, "image": "product_color_images/one_z0wiEvw.png"}}, {"model": "ecommerce_app.colorimage", "pk": 13, "fields": {"color_variant": 7, "image": "product_color_images/two_69IQIFw.jpg"}}, {"model": "ecommerce_app.colorimage", "pk": 14, "fields": {"color_variant": 8, "image": "product_color_images/one_1rCV23m.png"}}, {"model": "ecommerce_app.colorimage", "pk": 15, "fields": {"color_variant": 8, "image": "product_color_images/two_7cRhvph.jpg"}}, {"model": "ecommerce_app.colorimage", "pk": 16, "fields": {"color_variant": 9, "image": "product_color_images/onw.jpg"}}, {"model": "ecommerce_app.colorimage", "pk": 17, "fields": {"color_variant": 9, "image": "product_color_images/two_nAVe28Q.jpg"}}, {"model": "ecommerce_app.colorimage", "pk": 18, "fields": {"color_variant": 9, "image": "product_color_images/three.jpg"}}, {"model": "ecommerce_app.colorimage", "pk": 19, "fields": {"color_variant": 9, "image": "product_color_images/four.jpg"}}, {"model": "ecommerce_app.colorimage", "pk": 20, "fields": {"color_variant": 10, "image": "product_color_images/one.jpg"}}, {"model": "ecommerce_app.colorimage", "pk": 21, "fields": {"color_variant": 10, "image": "product_color_images/two_VuVnGpZ.jpg"}}, {"model": "ecommerce_app.colorimage", "pk": 22, "fields": {"color_variant": 10, "image": "product_color_images/three_lEYm1qf.jpg"}}, {"model": "ecommerce_app.colorimage", "pk": 23, "fields": {"color_variant": 10, "image": "product_color_images/four_HlmcNoD.jpg"}}, {"model": "ecommerce_app.colorimage", "pk": 24, "fields": {"color_variant": 11, "image": "product_color_images/one_OZiGxpE.jpg"}}, {"model": "ecommerce_app.colorimage", "pk": 25, "fields": {"color_variant": 11, "image": "product_color_images/two_8Ui6cuA.jpg"}}, {"model": "ecommerce_app.colorimage", "pk": 26, "fields": {"color_variant": 11, "image": "product_color_images/three_wWJMGmJ.jpg"}}, {"model": "ecommerce_app.colorimage", "pk": 27, "fields": {"color_variant": 11, "image": "product_color_images/four_7xuxaGO.jpg"}}, {"model": "ecommerce_app.colorimage", "pk": 28, "fields": {"color_variant": 12, "image": "product_color_images/one_bUu2sX7.jpg"}}, {"model": "ecommerce_app.colorimage", "pk": 29, "fields": {"color_variant": 12, "image": "product_color_images/two_s7bYofJ.jpg"}}, {"model": "ecommerce_app.colorimage", "pk": 30, "fields": {"color_variant": 12, "image": "product_color_images/three_HoTmKD4.jpg"}}, {"model": "ecommerce_app.colorimage", "pk": 31, "fields": {"color_variant": 12, "image": "product_color_images/four_UESzIvf.jpg"}}, {"model": "ecommerce_app.colorimage", "pk": 32, "fields": {"color_variant": 13, "image": "product_color_images/onw_Mp4kkvf.jpg"}}, {"model": "ecommerce_app.colorimage", "pk": 33, "fields": {"color_variant": 13, "image": "product_color_images/two_cDsPT6U.jpg"}}, {"model": "ecommerce_app.colorimage", "pk": 34, "fields": {"color_variant": 13, "image": "product_color_images/three_WneD7ka.jpg"}}, {"model": "ecommerce_app.colorimage", "pk": 35, "fields": {"color_variant": 13, "image": "product_color_images/four_LN7zSRK.jpg"}}, {"model": "ecommerce_app.colorimage", "pk": 36, "fields": {"color_variant": 14, "image": "product_color_images/one_YPR9Mvj.jpg"}}, {"model": "ecommerce_app.colorimage", "pk": 37, "fields": {"color_variant": 14, "image": "product_color_images/two_KWtUrJZ.jpg"}}, {"model": "ecommerce_app.colorimage", "pk": 38, "fields": {"color_variant": 14, "image": "product_color_images/three_jyvIDGV.jpg"}}, {"model": "ecommerce_app.colorimage", "pk": 39, "fields": {"color_variant": 14, "image": "product_color_images/four_5S4YqXF.jpg"}}, {"model": "ecommerce_app.colorimage", "pk": 40, "fields": {"color_variant": 15, "image": "product_color_images/one_ypcPRE8.jpg"}}, {"model": "ecommerce_app.colorimage", "pk": 41, "fields": {"color_variant": 15, "image": "product_color_images/two_fj2HSsj.jpg"}}, {"model": "ecommerce_app.colorimage", "pk": 42, "fields": {"color_variant": 15, "image": "product_color_images/three_Sm7Flzo.jpg"}}, {"model": "ecommerce_app.colorimage", "pk": 43, "fields": {"color_variant": 15, "image": "product_color_images/four_uzIb0Lh.jpg"}}, {"model": "ecommerce_app.colorimage", "pk": 44, "fields": {"color_variant": 16, "image": "product_color_images/one_NiPHzdd.png"}}, {"model": "ecommerce_app.colorimage", "pk": 45, "fields": {"color_variant": 16, "image": "product_color_images/two.png"}}, {"model": "ecommerce_app.colorimage", "pk": 46, "fields": {"color_variant": 16, "image": "product_color_images/three_f2uMPT3.jpg"}}, {"model": "ecommerce_app.colorimage", "pk": 47, "fields": {"color_variant": 16, "image": "product_color_images/four_3lE2rPI.jpg"}}, {"model": "ecommerce_app.colorimage", "pk": 48, "fields": {"color_variant": 17, "image": "product_color_images/one_62SyyZo.png"}}, {"model": "ecommerce_app.colorimage", "pk": 49, "fields": {"color_variant": 17, "image": "product_color_images/two_rfyf1jo.png"}}, {"model": "ecommerce_app.colorimage", "pk": 50, "fields": {"color_variant": 17, "image": "product_color_images/three_RTc16On.jpg"}}, {"model": "ecommerce_app.colorimage", "pk": 51, "fields": {"color_variant": 17, "image": "product_color_images/four_REvU4qX.jpg"}}, {"model": "ecommerce_app.colorimage", "pk": 52, "fields": {"color_variant": 18, "image": "product_color_images/one_prvDVBf.jpg"}}, {"model": "ecommerce_app.colorimage", "pk": 53, "fields": {"color_variant": 18, "image": "product_color_images/two_oMKmCOB.jpg"}}, {"model": "ecommerce_app.colorimage", "pk": 54, "fields": {"color_variant": 18, "image": "product_color_images/three_KCzcYJ1.jpg"}}, {"model": "ecommerce_app.colorimage", "pk": 55, "fields": {"color_variant": 18, "image": "product_color_images/four_3YpOl6u.jpg"}}, {"model": "ecommerce_app.colorimage", "pk": 56, "fields": {"color_variant": 19, "image": "product_color_images/one_1p39Sds.jpg"}}, {"model": "ecommerce_app.colorimage", "pk": 57, "fields": {"color_variant": 19, "image": "product_color_images/two_j30lkcG.jpg"}}, {"model": "ecommerce_app.colorimage", "pk": 58, "fields": {"color_variant": 19, "image": "product_color_images/three_i08x3Pc.jpg"}}, {"model": "ecommerce_app.colorimage", "pk": 59, "fields": {"color_variant": 19, "image": "product_color_images/four_bIF4U7G.jpg"}}, {"model": "ecommerce_app.subscriber", "pk": 1, "fields": {"email": "minal.anear@gmail.com", "subscribed_at": "2025-06-14T12:15:26.526Z"}}, {"model": "stripe_payment_app.payment", "pk": 1, "fields": {"method": "stripe", "amount": "168.00", "user": 2}}, {"model": "stripe_payment_app.payment", "pk": 2, "fields": {"method": "stripe", "amount": "168.00", "user": 2}}, {"model": "stripe_payment_app.payment", "pk": 3, "fields": {"method": "stripe", "amount": "50.00", "user": 4}}, {"model": "stripe_payment_app.payment", "pk": 4, "fields": {"method": "stripe", "amount": "0.00", "user": 4}}, {"model": "stripe_payment_app.payment", "pk": 5, "fields": {"method": "stripe", "amount": "0.00", "user": 4}}, {"model": "stripe_payment_app.payment", "pk": 6, "fields": {"method": "stripe", "amount": "0.00", "user": 4}}, {"model": "stripe_payment_app.payment", "pk": 7, "fields": {"method": "stripe", "amount": "0.00", "user": 4}}, {"model": "stripe_payment_app.payment", "pk": 8, "fields": {"method": "stripe", "amount": "0.00", "user": 4}}, {"model": "stripe_payment_app.payment", "pk": 9, "fields": {"method": "stripe", "amount": "0.00", "user": 4}}, {"model": "stripe_payment_app.payment", "pk": 10, "fields": {"method": "stripe", "amount": "0.00", "user": 4}}, {"model": "stripe_payment_app.payment", "pk": 11, "fields": {"method": "stripe", "amount": "0.00", "user": 4}}, {"model": "stripe_payment_app.payment", "pk": 12, "fields": {"method": "stripe", "amount": "0.00", "user": 4}}, {"model": "stripe_payment_app.payment", "pk": 13, "fields": {"method": "stripe", "amount": "0.00", "user": 4}}, {"model": "stripe_payment_app.payment", "pk": 14, "fields": {"method": "stripe", "amount": "0.00", "user": 4}}, {"model": "stripe_payment_app.payment", "pk": 15, "fields": {"method": "stripe", "amount": "0.00", "user": 4}}, {"model": "stripe_payment_app.payment", "pk": 16, "fields": {"method": "stripe", "amount": "0.00", "user": 4}}, {"model": "stripe_payment_app.payment", "pk": 17, "fields": {"method": "stripe", "amount": "0.00", "user": 4}}, {"model": "stripe_payment_app.payment", "pk": 18, "fields": {"method": "stripe", "amount": "0.00", "user": 4}}, {"model": "stripe_payment_app.payment", "pk": 19, "fields": {"method": "stripe", "amount": "0.00", "user": 4}}, {"model": "stripe_payment_app.payment", "pk": 20, "fields": {"method": "stripe", "amount": "0.00", "user": 4}}, {"model": "stripe_payment_app.payment", "pk": 21, "fields": {"method": "stripe", "amount": "0.00", "user": 4}}, {"model": "stripe_payment_app.payment", "pk": 22, "fields": {"method": "stripe", "amount": "0.00", "user": 4}}, {"model": "stripe_payment_app.payment", "pk": 23, "fields": {"method": "stripe", "amount": "0.00", "user": 4}}, {"model": "stripe_payment_app.payment", "pk": 24, "fields": {"method": "stripe", "amount": "0.00", "user": 4}}, {"model": "stripe_payment_app.payment", "pk": 25, "fields": {"method": "stripe", "amount": "0.00", "user": 4}}, {"model": "stripe_payment_app.payment", "pk": 26, "fields": {"method": "stripe", "amount": "0.00", "user": 4}}, {"model": "stripe_payment_app.payment", "pk": 27, "fields": {"method": "stripe", "amount": "0.00", "user": 4}}, {"model": "stripe_payment_app.payment", "pk": 28, "fields": {"method": "stripe", "amount": "0.00", "user": 4}}, {"model": "stripe_payment_app.payment", "pk": 29, "fields": {"method": "stripe", "amount": "0.00", "user": 4}}, {"model": "stripe_payment_app.payment", "pk": 30, "fields": {"method": "stripe", "amount": "0.00", "user": 4}}, {"model": "stripe_payment_app.payment", "pk": 31, "fields": {"method": "stripe", "amount": "0.00", "user": 4}}, {"model": "stripe_payment_app.payment", "pk": 32, "fields": {"method": "stripe", "amount": "0.00", "user": 4}}, {"model": "stripe_payment_app.payment", "pk": 33, "fields": {"method": "stripe", "amount": "0.00", "user": 4}}, {"model": "stripe_payment_app.payment", "pk": 34, "fields": {"method": "stripe", "amount": "0.00", "user": 4}}, {"model": "stripe_payment_app.payment", "pk": 35, "fields": {"method": "stripe", "amount": "0.00", "user": 4}}, {"model": "stripe_payment_app.payment", "pk": 36, "fields": {"method": "stripe", "amount": "0.00", "user": 4}}, {"model": "stripe_payment_app.payment", "pk": 37, "fields": {"method": "stripe", "amount": "0.00", "user": 4}}, {"model": "stripe_payment_app.payment", "pk": 38, "fields": {"method": "stripe", "amount": "0.00", "user": 4}}, {"model": "stripe_payment_app.payment", "pk": 39, "fields": {"method": "stripe", "amount": "0.00", "user": 4}}, {"model": "stripe_payment_app.payment", "pk": 40, "fields": {"method": "stripe", "amount": "0.00", "user": 4}}, {"model": "stripe_payment_app.payment", "pk": 41, "fields": {"method": "stripe", "amount": "0.00", "user": 4}}, {"model": "stripe_payment_app.payment", "pk": 42, "fields": {"method": "stripe", "amount": "0.00", "user": 4}}, {"model": "stripe_payment_app.payment", "pk": 43, "fields": {"method": "stripe", "amount": "0.00", "user": 4}}, {"model": "stripe_payment_app.payment", "pk": 44, "fields": {"method": "stripe", "amount": "0.00", "user": 4}}, {"model": "stripe_payment_app.payment", "pk": 45, "fields": {"method": "stripe", "amount": "0.00", "user": 4}}, {"model": "stripe_payment_app.payment", "pk": 46, "fields": {"method": "stripe", "amount": "0.00", "user": 4}}, {"model": "stripe_payment_app.payment", "pk": 47, "fields": {"method": "stripe", "amount": "0.00", "user": 4}}, {"model": "stripe_payment_app.payment", "pk": 48, "fields": {"method": "stripe", "amount": "0.00", "user": 4}}, {"model": "stripe_payment_app.payment", "pk": 49, "fields": {"method": "stripe", "amount": "0.00", "user": 4}}, {"model": "stripe_payment_app.payment", "pk": 50, "fields": {"method": "stripe", "amount": "0.00", "user": 4}}, {"model": "stripe_payment_app.payment", "pk": 51, "fields": {"method": "stripe", "amount": "0.00", "user": 4}}, {"model": "stripe_payment_app.payment", "pk": 52, "fields": {"method": "stripe", "amount": "0.00", "user": 4}}, {"model": "stripe_payment_app.billinginfo", "pk": 7, "fields": {"name": "Minal Anwar", "address": "H#22 St#10 muhammad nagar garhi shahu Lahore", "email": "reachoutminalanwar@gmail.com", "phone": "03099888856", "user": 2}}, {"model": "stripe_payment_app.billinginfo", "pk": 8, "fields": {"name": "Ali Farooq", "address": "128", "email": "dowajac613@getmola.com", "phone": "03328036575", "user": 4}}]